{"accuracy": [0.8326480984687805, 0.9041894674301147, 0.9365957975387573, 0.9521872401237488, 0.9622306227684021, 0.9706380367279053], "loss": [0.5346869230270386, 0.29730501770973206, 0.19419091939926147, 0.14624616503715515, 0.1134582981467247, 0.08983994275331497], "val_accuracy": [0.8882312774658203, 0.9296039342880249, 0.9276690483093262, 0.9426929354667664, 0.9483838081359863, 0.9593671560287476], "val_loss": [0.3543035387992859, 0.21352560818195343, 0.2444760501384735, 0.18194721639156342, 0.1693265736103058, 0.13018764555454254]}